{"loss": [0.6921760439872742, 0.6794280409812927, 0.653526246547699, 0.613376796245575, 0.5893195271492004, 0.5508643984794617, 0.5264943838119507, 0.4899235963821411, 0.4743269085884094, 0.45439261198043823, 0.4318750202655792, 0.42151421308517456, 0.4102109968662262, 0.3922704756259918, 0.3811030983924866, 0.36018499732017517, 0.3587414026260376, 0.34465721249580383, 0.3295954465866089, 0.3263958692550659, 0.3176833689212799, 0.30285659432411194, 0.29598671197891235, 0.3068114221096039, 0.2887261211872101, 0.2819685637950897, 0.2752240300178528, 0.2614499032497406, 0.2637723684310913, 0.25462982058525085, 0.24814821779727936, 0.24827559292316437, 0.2361285239458084, 0.2230176329612732, 0.22232769429683685, 0.22623074054718018, 0.2139873504638672, 0.21096153557300568, 0.2156832069158554, 0.20585106313228607, 0.19725292921066284, 0.19428040087223053, 0.1945314258337021, 0.18493178486824036, 0.17577748000621796, 0.18211452662944794, 0.1870063990354538, 0.1630074381828308, 0.16997404396533966, 0.16463924944400787], "accuracy": [0.5239999890327454, 0.562874972820282, 0.6290000081062317, 0.6713749766349792, 0.6941249966621399, 0.7198749780654907, 0.7386249899864197, 0.7648749947547913, 0.7754999995231628, 0.7914999723434448, 0.7994999885559082, 0.8040000200271606, 0.8141250014305115, 0.8230000138282776, 0.8288750052452087, 0.8448749780654907, 0.8429999947547913, 0.846750020980835, 0.8541250228881836, 0.8576250076293945, 0.859125018119812, 0.8711249828338623, 0.8740000128746033, 0.8656250238418579, 0.8767499923706055, 0.8774999976158142, 0.878125011920929, 0.8881250023841858, 0.8895000219345093, 0.8916249871253967, 0.893875002861023, 0.8952500224113464, 0.9037500023841858, 0.9048749804496765, 0.9073749780654907, 0.9041249752044678, 0.9106249809265137, 0.9120000004768372, 0.9101250171661377, 0.9153749942779541, 0.9172499775886536, 0.9203749895095825, 0.9227499961853027, 0.9228749871253967, 0.9288750290870667, 0.9296249747276306, 0.9269999861717224, 0.9337499737739563, 0.9336249828338623, 0.9355000257492065], "val_loss": [0.6800680160522461, 0.6678058505058289, 0.6423547267913818, 0.5954105257987976, 0.5821775794029236, 0.5218426585197449, 0.5553580522537231, 0.46613809466362, 0.4613441228866577, 0.44730430841445923, 0.4271865785121918, 0.4525926113128662, 0.3988598585128784, 0.4186975955963135, 0.4059039056301117, 0.4019508957862854, 0.4060916006565094, 0.39110565185546875, 0.38499441742897034, 0.3815465569496155, 0.3895699977874756, 0.4043586254119873, 0.39292773604393005, 0.38633617758750916, 0.4234793782234192, 0.37887808680534363, 0.4510776996612549, 0.39175471663475037, 0.40024834871292114, 0.4205029606819153, 0.3856009542942047, 0.42657607793807983, 0.4190922975540161, 0.4722411334514618, 0.4182799160480499, 0.4140852689743042, 0.4367631673812866, 0.4335111677646637, 0.4113214313983917, 0.41828134655952454, 0.4904601573944092, 0.48611900210380554, 0.454186350107193, 0.4579785168170929, 0.47143086791038513, 0.4607294797897339, 0.46025311946868896, 0.4875963032245636, 0.4735485911369324, 0.5507614016532898], "val_accuracy": [0.5695000290870667, 0.6075000166893005, 0.625, 0.6894999742507935, 0.6930000185966492, 0.7584999799728394, 0.7009999752044678, 0.7820000052452087, 0.7764999866485596, 0.7944999933242798, 0.8059999942779541, 0.7954999804496765, 0.8149999976158142, 0.8264999985694885, 0.8144999742507935, 0.8184999823570251, 0.828499972820282, 0.8299999833106995, 0.8259999752044678, 0.8385000228881836, 0.8360000252723694, 0.8295000195503235, 0.8410000205039978, 0.8364999890327454, 0.8309999704360962, 0.8429999947547913, 0.8184999823570251, 0.8374999761581421, 0.8460000157356262, 0.8305000066757202, 0.8410000205039978, 0.8355000019073486, 0.8324999809265137, 0.8445000052452087, 0.8445000052452087, 0.8479999899864197, 0.843500018119812, 0.8429999947547913, 0.8424999713897705, 0.8324999809265137, 0.8324999809265137, 0.8234999775886536, 0.8514999747276306, 0.8464999794960022, 0.8330000042915344, 0.8364999890327454, 0.8364999890327454, 0.8320000171661377, 0.8374999761581421, 0.8370000123977661]}